agent,flops_step,memory_bytes,t
ucb1,1,0,1
ucb1,1,0,2
ucb1,1,0,3
ucb1,1,0,4
ucb1,1,0,5
ucb1,1,0,6
ucb1,1,0,7
ucb1,1,0,8
ucb1,1,0,9
ucb1,1,0,10
ucb1,1,0,11
ucb1,1,0,12
ucb1,1,0,13
ucb1,1,0,14
ucb1,1,0,15
ucb1,1,0,16
ucb1,1,0,17
ucb1,1,0,18
ucb1,1,0,19
ucb1,1,0,20
ucb1,1,0,21
ucb1,1,0,22
ucb1,1,0,23
ucb1,1,0,24
ucb1,1,0,25
ucb1,1,0,26
ucb1,1,0,27
ucb1,1,0,28
ucb1,1,0,29
ucb1,1,0,30
ucb1,1,0,31
ucb1,1,0,32
ucb1,1,0,33
ucb1,1,0,34
ucb1,1,0,35
ucb1,1,0,36
ucb1,1,0,37
ucb1,1,0,38
ucb1,1,0,39
ucb1,1,0,40
ucb1,1,0,41
ucb1,1,0,42
ucb1,1,0,43
ucb1,1,0,44
ucb1,1,0,45
ucb1,1,0,46
ucb1,1,0,47
ucb1,1,0,48
ucb1,1,0,49
ucb1,1,0,50
ucb1,1,0,51
ucb1,1,0,52
ucb1,1,0,53
ucb1,1,0,54
ucb1,1,0,55
ucb1,1,0,56
ucb1,1,0,57
ucb1,1,0,58
ucb1,1,0,59
ucb1,1,0,60
ucb1,1,0,61
ucb1,1,0,62
ucb1,1,0,63
ucb1,1,0,64
ucb1,1,0,65
ucb1,1,0,66
ucb1,1,0,67
ucb1,1,0,68
ucb1,1,0,69
ucb1,1,0,70
ucb1,1,0,71
ucb1,1,0,72
ucb1,1,0,73
ucb1,1,0,74
ucb1,1,0,75
ucb1,1,0,76
ucb1,1,0,77
ucb1,1,0,78
ucb1,1,0,79
ucb1,1,0,80
ucb1,1,0,81
ucb1,1,0,82
ucb1,1,0,83
ucb1,1,0,84
ucb1,1,0,85
ucb1,1,0,86
ucb1,1,0,87
ucb1,1,0,88
ucb1,1,0,89
ucb1,1,0,90
ucb1,1,0,91
ucb1,1,0,92
ucb1,1,0,93
ucb1,1,0,94
ucb1,1,0,95
ucb1,1,0,96
ucb1,1,0,97
ucb1,1,0,98
ucb1,1,0,99
ucb1,1,0,100
ucb1,1,0,101
ucb1,1,0,102
ucb1,1,0,103
ucb1,1,0,104
ucb1,1,0,105
ucb1,1,0,106
ucb1,1,0,107
ucb1,1,0,108
ucb1,1,0,109
ucb1,1,0,110
ucb1,1,0,111
ucb1,1,0,112
ucb1,1,0,113
ucb1,1,0,114
ucb1,1,0,115
ucb1,1,0,116
ucb1,1,0,117
ucb1,1,0,118
ucb1,1,0,119
ucb1,1,0,120
ucb1,1,0,121
ucb1,1,0,122
ucb1,1,0,123
ucb1,1,0,124
ucb1,1,0,125
ucb1,1,0,126
ucb1,1,0,127
ucb1,1,0,128
ucb1,1,0,129
ucb1,1,0,130
ucb1,1,0,131
ucb1,1,0,132
ucb1,1,0,133
ucb1,1,0,134
ucb1,1,0,135
ucb1,1,0,136
ucb1,1,0,137
ucb1,1,0,138
ucb1,1,0,139
ucb1,1,0,140
ucb1,1,0,141
ucb1,1,0,142
ucb1,1,0,143
ucb1,1,0,144
ucb1,1,0,145
ucb1,1,0,146
ucb1,1,0,147
ucb1,1,0,148
ucb1,1,0,149
ucb1,1,0,150
ucb1,1,0,151
ucb1,1,0,152
ucb1,1,0,153
ucb1,1,0,154
ucb1,1,0,155
ucb1,1,0,156
ucb1,1,0,157
ucb1,1,0,158
ucb1,1,0,159
ucb1,1,0,160
ucb1,1,0,161
ucb1,1,0,162
ucb1,1,0,163
ucb1,1,0,164
ucb1,1,0,165
ucb1,1,0,166
ucb1,1,0,167
ucb1,1,0,168
ucb1,1,0,169
ucb1,1,0,170
ucb1,1,0,171
ucb1,1,0,172
ucb1,1,0,173
ucb1,1,0,174
ucb1,1,0,175
ucb1,1,0,176
ucb1,1,0,177
ucb1,1,0,178
ucb1,1,0,179
ucb1,1,0,180
ucb1,1,0,181
ucb1,1,0,182
ucb1,1,0,183
ucb1,1,0,184
ucb1,1,0,185
ucb1,1,0,186
ucb1,1,0,187
ucb1,1,0,188
ucb1,1,0,189
ucb1,1,0,190
ucb1,1,0,191
ucb1,1,0,192
ucb1,1,0,193
ucb1,1,0,194
ucb1,1,0,195
ucb1,1,0,196
ucb1,1,0,197
ucb1,1,0,198
ucb1,1,0,199
ucb1,1,0,200
ucb1,1,0,201
ucb1,1,0,202
ucb1,1,0,203
ucb1,1,0,204
ucb1,1,0,205
ucb1,1,0,206
ucb1,1,0,207
ucb1,1,0,208
ucb1,1,0,209
ucb1,1,0,210
ucb1,1,0,211
ucb1,1,0,212
ucb1,1,0,213
ucb1,1,0,214
ucb1,1,0,215
ucb1,1,0,216
ucb1,1,0,217
ucb1,1,0,218
ucb1,1,0,219
ucb1,1,0,220
ucb1,1,0,221
ucb1,1,0,222
ucb1,1,0,223
ucb1,1,0,224
ucb1,1,0,225
ucb1,1,0,226
ucb1,1,0,227
ucb1,1,0,228
ucb1,1,0,229
ucb1,1,0,230
ucb1,1,0,231
ucb1,1,0,232
ucb1,1,0,233
ucb1,1,0,234
ucb1,1,0,235
ucb1,1,0,236
ucb1,1,0,237
ucb1,1,0,238
ucb1,1,0,239
ucb1,1,0,240
ucb1,1,0,241
ucb1,1,0,242
ucb1,1,0,243
ucb1,1,0,244
ucb1,1,0,245
ucb1,1,0,246
ucb1,1,0,247
ucb1,1,0,248
ucb1,1,0,249
ucb1,1,0,250
ucb1,1,0,251
ucb1,1,0,252
ucb1,1,0,253
ucb1,1,0,254
ucb1,1,0,255
ucb1,1,0,256
ucb1,1,0,257
ucb1,1,0,258
ucb1,1,0,259
ucb1,1,0,260
ucb1,1,0,261
ucb1,1,0,262
ucb1,1,0,263
ucb1,1,0,264
ucb1,1,0,265
ucb1,1,0,266
ucb1,1,0,267
ucb1,1,0,268
ucb1,1,0,269
ucb1,1,0,270
ucb1,1,0,271
ucb1,1,0,272
ucb1,1,0,273
ucb1,1,0,274
ucb1,1,0,275
ucb1,1,0,276
ucb1,1,0,277
ucb1,1,0,278
ucb1,1,0,279
ucb1,1,0,280
ucb1,1,0,281
ucb1,1,0,282
ucb1,1,0,283
ucb1,1,0,284
ucb1,1,0,285
ucb1,1,0,286
ucb1,1,0,287
ucb1,1,0,288
ucb1,1,0,289
ucb1,1,0,290
ucb1,1,0,291
ucb1,1,0,292
ucb1,1,0,293
ucb1,1,0,294
ucb1,1,0,295
ucb1,1,0,296
ucb1,1,0,297
ucb1,1,0,298
ucb1,1,0,299
ucb1,1,0,300
ucb1,1,0,301
ucb1,1,0,302
ucb1,1,0,303
ucb1,1,0,304
ucb1,1,0,305
ucb1,1,0,306
ucb1,1,0,307
ucb1,1,0,308
ucb1,1,0,309
ucb1,1,0,310
ucb1,1,0,311
ucb1,1,0,312
ucb1,1,0,313
ucb1,1,0,314
ucb1,1,0,315
ucb1,1,0,316
ucb1,1,0,317
ucb1,1,0,318
ucb1,1,0,319
ucb1,1,0,320
ucb1,1,0,321
ucb1,1,0,322
ucb1,1,0,323
ucb1,1,0,324
ucb1,1,0,325
ucb1,1,0,326
ucb1,1,0,327
ucb1,1,0,328
ucb1,1,0,329
ucb1,1,0,330
ucb1,1,0,331
ucb1,1,0,332
ucb1,1,0,333
ucb1,1,0,334
ucb1,1,0,335
ucb1,1,0,336
ucb1,1,0,337
ucb1,1,0,338
ucb1,1,0,339
ucb1,1,0,340
ucb1,1,0,341
ucb1,1,0,342
ucb1,1,0,343
ucb1,1,0,344
ucb1,1,0,345
ucb1,1,0,346
ucb1,1,0,347
ucb1,1,0,348
ucb1,1,0,349
ucb1,1,0,350
ucb1,1,0,351
ucb1,1,0,352
ucb1,1,0,353
ucb1,1,0,354
ucb1,1,0,355
ucb1,1,0,356
ucb1,1,0,357
ucb1,1,0,358
ucb1,1,0,359
ucb1,1,0,360
ucb1,1,0,361
ucb1,1,0,362
ucb1,1,0,363
ucb1,1,0,364
ucb1,1,0,365
ucb1,1,0,366
ucb1,1,0,367
ucb1,1,0,368
ucb1,1,0,369
ucb1,1,0,370
ucb1,1,0,371
ucb1,1,0,372
ucb1,1,0,373
ucb1,1,0,374
ucb1,1,0,375
ucb1,1,0,376
ucb1,1,0,377
ucb1,1,0,378
ucb1,1,0,379
ucb1,1,0,380
ucb1,1,0,381
ucb1,1,0,382
ucb1,1,0,383
ucb1,1,0,384
ucb1,1,0,385
ucb1,1,0,386
ucb1,1,0,387
ucb1,1,0,388
ucb1,1,0,389
ucb1,1,0,390
ucb1,1,0,391
ucb1,1,0,392
ucb1,1,0,393
ucb1,1,0,394
ucb1,1,0,395
ucb1,1,0,396
ucb1,1,0,397
ucb1,1,0,398
ucb1,1,0,399
ucb1,1,0,400
ucb1,1,0,401
ucb1,1,0,402
ucb1,1,0,403
ucb1,1,0,404
ucb1,1,0,405
ucb1,1,0,406
ucb1,1,0,407
ucb1,1,0,408
ucb1,1,0,409
ucb1,1,0,410
ucb1,1,0,411
ucb1,1,0,412
ucb1,1,0,413
ucb1,1,0,414
ucb1,1,0,415
ucb1,1,0,416
ucb1,1,0,417
ucb1,1,0,418
ucb1,1,0,419
ucb1,1,0,420
ucb1,1,0,421
ucb1,1,0,422
ucb1,1,0,423
ucb1,1,0,424
ucb1,1,0,425
ucb1,1,0,426
ucb1,1,0,427
ucb1,1,0,428
ucb1,1,0,429
ucb1,1,0,430
ucb1,1,0,431
ucb1,1,0,432
ucb1,1,0,433
ucb1,1,0,434
ucb1,1,0,435
ucb1,1,0,436
ucb1,1,0,437
ucb1,1,0,438
ucb1,1,0,439
ucb1,1,0,440
ucb1,1,0,441
ucb1,1,0,442
ucb1,1,0,443
ucb1,1,0,444
ucb1,1,0,445
ucb1,1,0,446
ucb1,1,0,447
ucb1,1,0,448
ucb1,1,0,449
ucb1,1,0,450
ucb1,1,0,451
ucb1,1,0,452
ucb1,1,0,453
ucb1,1,0,454
ucb1,1,0,455
ucb1,1,0,456
ucb1,1,0,457
ucb1,1,0,458
ucb1,1,0,459
ucb1,1,0,460
ucb1,1,0,461
ucb1,1,0,462
ucb1,1,0,463
ucb1,1,0,464
ucb1,1,0,465
ucb1,1,0,466
ucb1,1,0,467
ucb1,1,0,468
ucb1,1,0,469
ucb1,1,0,470
ucb1,1,0,471
ucb1,1,0,472
ucb1,1,0,473
ucb1,1,0,474
ucb1,1,0,475
ucb1,1,0,476
ucb1,1,0,477
ucb1,1,0,478
ucb1,1,0,479
ucb1,1,0,480
ucb1,1,0,481
ucb1,1,0,482
ucb1,1,0,483
ucb1,1,0,484
ucb1,1,0,485
ucb1,1,0,486
ucb1,1,0,487
ucb1,1,0,488
ucb1,1,0,489
ucb1,1,0,490
ucb1,1,0,491
ucb1,1,0,492
ucb1,1,0,493
ucb1,1,0,494
ucb1,1,0,495
ucb1,1,0,496
ucb1,1,0,497
ucb1,1,0,498
ucb1,1,0,499
ucb1,1,0,500
ucb1,1,0,501
ucb1,1,0,502
ucb1,1,0,503
ucb1,1,0,504
ucb1,1,0,505
ucb1,1,0,506
ucb1,1,0,507
ucb1,1,0,508
ucb1,1,0,509
ucb1,1,0,510
ucb1,1,0,511
ucb1,1,0,512
ucb1,1,0,513
ucb1,1,0,514
ucb1,1,0,515
ucb1,1,0,516
ucb1,1,0,517
ucb1,1,0,518
ucb1,1,0,519
ucb1,1,0,520
ucb1,1,0,521
ucb1,1,0,522
ucb1,1,0,523
ucb1,1,0,524
ucb1,1,0,525
ucb1,1,0,526
ucb1,1,0,527
ucb1,1,0,528
ucb1,1,0,529
ucb1,1,0,530
ucb1,1,0,531
ucb1,1,0,532
ucb1,1,0,533
ucb1,1,0,534
ucb1,1,0,535
ucb1,1,0,536
ucb1,1,0,537
ucb1,1,0,538
ucb1,1,0,539
ucb1,1,0,540
ucb1,1,0,541
ucb1,1,0,542
ucb1,1,0,543
ucb1,1,0,544
ucb1,1,0,545
ucb1,1,0,546
ucb1,1,0,547
ucb1,1,0,548
ucb1,1,0,549
ucb1,1,0,550
ucb1,1,0,551
ucb1,1,0,552
ucb1,1,0,553
ucb1,1,0,554
ucb1,1,0,555
ucb1,1,0,556
ucb1,1,0,557
ucb1,1,0,558
ucb1,1,0,559
ucb1,1,0,560
ucb1,1,0,561
ucb1,1,0,562
ucb1,1,0,563
ucb1,1,0,564
ucb1,1,0,565
ucb1,1,0,566
ucb1,1,0,567
ucb1,1,0,568
ucb1,1,0,569
ucb1,1,0,570
ucb1,1,0,571
ucb1,1,0,572
ucb1,1,0,573
ucb1,1,0,574
ucb1,1,0,575
ucb1,1,0,576
ucb1,1,0,577
ucb1,1,0,578
ucb1,1,0,579
ucb1,1,0,580
ucb1,1,0,581
ucb1,1,0,582
ucb1,1,0,583
ucb1,1,0,584
ucb1,1,0,585
ucb1,1,0,586
ucb1,1,0,587
ucb1,1,0,588
ucb1,1,0,589
ucb1,1,0,590
ucb1,1,0,591
ucb1,1,0,592
ucb1,1,0,593
ucb1,1,0,594
ucb1,1,0,595
ucb1,1,0,596
ucb1,1,0,597
ucb1,1,0,598
ucb1,1,0,599
ucb1,1,0,600
ucb1,1,0,601
ucb1,1,0,602
ucb1,1,0,603
ucb1,1,0,604
ucb1,1,0,605
ucb1,1,0,606
ucb1,1,0,607
ucb1,1,0,608
ucb1,1,0,609
ucb1,1,0,610
ucb1,1,0,611
ucb1,1,0,612
ucb1,1,0,613
ucb1,1,0,614
ucb1,1,0,615
ucb1,1,0,616
ucb1,1,0,617
ucb1,1,0,618
ucb1,1,0,619
ucb1,1,0,620
ucb1,1,0,621
ucb1,1,0,622
ucb1,1,0,623
ucb1,1,0,624
ucb1,1,0,625
ucb1,1,0,626
ucb1,1,0,627
ucb1,1,0,628
ucb1,1,0,629
ucb1,1,0,630
ucb1,1,0,631
ucb1,1,0,632
ucb1,1,0,633
ucb1,1,0,634
ucb1,1,0,635
ucb1,1,0,636
ucb1,1,0,637
ucb1,1,0,638
ucb1,1,0,639
ucb1,1,0,640
ucb1,1,0,641
ucb1,1,0,642
ucb1,1,0,643
ucb1,1,0,644
ucb1,1,0,645
ucb1,1,0,646
ucb1,1,0,647
ucb1,1,0,648
ucb1,1,0,649
ucb1,1,0,650
ucb1,1,0,651
ucb1,1,0,652
ucb1,1,0,653
ucb1,1,0,654
ucb1,1,0,655
ucb1,1,0,656
ucb1,1,0,657
ucb1,1,0,658
ucb1,1,0,659
ucb1,1,0,660
ucb1,1,0,661
ucb1,1,0,662
ucb1,1,0,663
ucb1,1,0,664
ucb1,1,0,665
ucb1,1,0,666
ucb1,1,0,667
ucb1,1,0,668
ucb1,1,0,669
ucb1,1,0,670
ucb1,1,0,671
ucb1,1,0,672
ucb1,1,0,673
ucb1,1,0,674
ucb1,1,0,675
ucb1,1,0,676
ucb1,1,0,677
ucb1,1,0,678
ucb1,1,0,679
ucb1,1,0,680
ucb1,1,0,681
ucb1,1,0,682
ucb1,1,0,683
ucb1,1,0,684
ucb1,1,0,685
ucb1,1,0,686
ucb1,1,0,687
ucb1,1,0,688
ucb1,1,0,689
ucb1,1,0,690
ucb1,1,0,691
ucb1,1,0,692
ucb1,1,0,693
ucb1,1,0,694
ucb1,1,0,695
ucb1,1,0,696
ucb1,1,0,697
ucb1,1,0,698
ucb1,1,0,699
ucb1,1,0,700
ucb1,1,0,701
ucb1,1,0,702
ucb1,1,0,703
ucb1,1,0,704
ucb1,1,0,705
ucb1,1,0,706
ucb1,1,0,707
ucb1,1,0,708
ucb1,1,0,709
ucb1,1,0,710
ucb1,1,0,711
ucb1,1,0,712
ucb1,1,0,713
ucb1,1,0,714
ucb1,1,0,715
ucb1,1,0,716
ucb1,1,0,717
ucb1,1,0,718
ucb1,1,0,719
ucb1,1,0,720
ucb1,1,0,721
ucb1,1,0,722
ucb1,1,0,723
ucb1,1,0,724
ucb1,1,0,725
ucb1,1,0,726
ucb1,1,0,727
ucb1,1,0,728
ucb1,1,0,729
ucb1,1,0,730
ucb1,1,0,731
ucb1,1,0,732
ucb1,1,0,733
ucb1,1,0,734
ucb1,1,0,735
ucb1,1,0,736
ucb1,1,0,737
ucb1,1,0,738
ucb1,1,0,739
ucb1,1,0,740
ucb1,1,0,741
ucb1,1,0,742
ucb1,1,0,743
ucb1,1,0,744
ucb1,1,0,745
ucb1,1,0,746
ucb1,1,0,747
ucb1,1,0,748
ucb1,1,0,749
ucb1,1,0,750
ucb1,1,0,751
ucb1,1,0,752
ucb1,1,0,753
ucb1,1,0,754
ucb1,1,0,755
ucb1,1,0,756
ucb1,1,0,757
ucb1,1,0,758
ucb1,1,0,759
ucb1,1,0,760
ucb1,1,0,761
ucb1,1,0,762
ucb1,1,0,763
ucb1,1,0,764
ucb1,1,0,765
ucb1,1,0,766
ucb1,1,0,767
ucb1,1,0,768
ucb1,1,0,769
ucb1,1,0,770
ucb1,1,0,771
ucb1,1,0,772
ucb1,1,0,773
ucb1,1,0,774
ucb1,1,0,775
ucb1,1,0,776
ucb1,1,0,777
ucb1,1,0,778
ucb1,1,0,779
ucb1,1,0,780
ucb1,1,0,781
ucb1,1,0,782
ucb1,1,0,783
ucb1,1,0,784
ucb1,1,0,785
ucb1,1,0,786
ucb1,1,0,787
ucb1,1,0,788
ucb1,1,0,789
ucb1,1,0,790
ucb1,1,0,791
ucb1,1,0,792
ucb1,1,0,793
ucb1,1,0,794
ucb1,1,0,795
ucb1,1,0,796
ucb1,1,0,797
ucb1,1,0,798
ucb1,1,0,799
ucb1,1,0,800
ucb1,1,0,801
ucb1,1,0,802
ucb1,1,0,803
ucb1,1,0,804
ucb1,1,0,805
ucb1,1,0,806
ucb1,1,0,807
ucb1,1,0,808
ucb1,1,0,809
ucb1,1,0,810
ucb1,1,0,811
ucb1,1,0,812
ucb1,1,0,813
ucb1,1,0,814
ucb1,1,0,815
ucb1,1,0,816
ucb1,1,0,817
ucb1,1,0,818
ucb1,1,0,819
ucb1,1,0,820
ucb1,1,0,821
ucb1,1,0,822
ucb1,1,0,823
ucb1,1,0,824
ucb1,1,0,825
ucb1,1,0,826
ucb1,1,0,827
ucb1,1,0,828
ucb1,1,0,829
ucb1,1,0,830
ucb1,1,0,831
ucb1,1,0,832
ucb1,1,0,833
ucb1,1,0,834
ucb1,1,0,835
ucb1,1,0,836
ucb1,1,0,837
ucb1,1,0,838
ucb1,1,0,839
ucb1,1,0,840
ucb1,1,0,841
ucb1,1,0,842
ucb1,1,0,843
ucb1,1,0,844
ucb1,1,0,845
ucb1,1,0,846
ucb1,1,0,847
ucb1,1,0,848
ucb1,1,0,849
ucb1,1,0,850
ucb1,1,0,851
ucb1,1,0,852
ucb1,1,0,853
ucb1,1,0,854
ucb1,1,0,855
ucb1,1,0,856
ucb1,1,0,857
ucb1,1,0,858
ucb1,1,0,859
ucb1,1,0,860
ucb1,1,0,861
ucb1,1,0,862
ucb1,1,0,863
ucb1,1,0,864
ucb1,1,0,865
ucb1,1,0,866
ucb1,1,0,867
ucb1,1,0,868
ucb1,1,0,869
ucb1,1,0,870
ucb1,1,0,871
ucb1,1,0,872
ucb1,1,0,873
ucb1,1,0,874
ucb1,1,0,875
ucb1,1,0,876
ucb1,1,0,877
ucb1,1,0,878
ucb1,1,0,879
ucb1,1,0,880
ucb1,1,0,881
ucb1,1,0,882
ucb1,1,0,883
ucb1,1,0,884
ucb1,1,0,885
ucb1,1,0,886
ucb1,1,0,887
ucb1,1,0,888
ucb1,1,0,889
ucb1,1,0,890
ucb1,1,0,891
ucb1,1,0,892
ucb1,1,0,893
ucb1,1,0,894
ucb1,1,0,895
ucb1,1,0,896
ucb1,1,0,897
ucb1,1,0,898
ucb1,1,0,899
ucb1,1,0,900
ucb1,1,0,901
ucb1,1,0,902
ucb1,1,0,903
ucb1,1,0,904
ucb1,1,0,905
ucb1,1,0,906
ucb1,1,0,907
ucb1,1,0,908
ucb1,1,0,909
ucb1,1,0,910
ucb1,1,0,911
ucb1,1,0,912
ucb1,1,0,913
ucb1,1,0,914
ucb1,1,0,915
ucb1,1,0,916
ucb1,1,0,917
ucb1,1,0,918
ucb1,1,0,919
ucb1,1,0,920
ucb1,1,0,921
ucb1,1,0,922
ucb1,1,0,923
ucb1,1,0,924
ucb1,1,0,925
ucb1,1,0,926
ucb1,1,0,927
ucb1,1,0,928
ucb1,1,0,929
ucb1,1,0,930
ucb1,1,0,931
ucb1,1,0,932
ucb1,1,0,933
ucb1,1,0,934
ucb1,1,0,935
ucb1,1,0,936
ucb1,1,0,937
ucb1,1,0,938
ucb1,1,0,939
ucb1,1,0,940
ucb1,1,0,941
ucb1,1,0,942
ucb1,1,0,943
ucb1,1,0,944
ucb1,1,0,945
ucb1,1,0,946
ucb1,1,0,947
ucb1,1,0,948
ucb1,1,0,949
ucb1,1,0,950
ucb1,1,0,951
ucb1,1,0,952
ucb1,1,0,953
ucb1,1,0,954
ucb1,1,0,955
ucb1,1,0,956
ucb1,1,0,957
ucb1,1,0,958
ucb1,1,0,959
ucb1,1,0,960
ucb1,1,0,961
ucb1,1,0,962
ucb1,1,0,963
ucb1,1,0,964
ucb1,1,0,965
ucb1,1,0,966
ucb1,1,0,967
ucb1,1,0,968
ucb1,1,0,969
ucb1,1,0,970
ucb1,1,0,971
ucb1,1,0,972
ucb1,1,0,973
ucb1,1,0,974
ucb1,1,0,975
ucb1,1,0,976
ucb1,1,0,977
ucb1,1,0,978
ucb1,1,0,979
ucb1,1,0,980
ucb1,1,0,981
ucb1,1,0,982
ucb1,1,0,983
ucb1,1,0,984
ucb1,1,0,985
ucb1,1,0,986
ucb1,1,0,987
ucb1,1,0,988
ucb1,1,0,989
ucb1,1,0,990
ucb1,1,0,991
ucb1,1,0,992
ucb1,1,0,993
ucb1,1,0,994
ucb1,1,0,995
ucb1,1,0,996
ucb1,1,0,997
ucb1,1,0,998
ucb1,1,0,999
ucb1,1,0,1000
ucb1,1,0,1001
ucb1,1,0,1002
ucb1,1,0,1003
ucb1,1,0,1004
ucb1,1,0,1005
ucb1,1,0,1006
ucb1,1,0,1007
ucb1,1,0,1008
ucb1,1,0,1009
ucb1,1,0,1010
ucb1,1,0,1011
ucb1,1,0,1012
ucb1,1,0,1013
ucb1,1,0,1014
ucb1,1,0,1015
ucb1,1,0,1016
ucb1,1,0,1017
ucb1,1,0,1018
ucb1,1,0,1019
ucb1,1,0,1020
ucb1,1,0,1021
ucb1,1,0,1022
ucb1,1,0,1023
ucb1,1,0,1024
ucb1,1,0,1025
ucb1,1,0,1026
ucb1,1,0,1027
ucb1,1,0,1028
ucb1,1,0,1029
ucb1,1,0,1030
ucb1,1,0,1031
ucb1,1,0,1032
ucb1,1,0,1033
ucb1,1,0,1034
ucb1,1,0,1035
ucb1,1,0,1036
ucb1,1,0,1037
ucb1,1,0,1038
ucb1,1,0,1039
ucb1,1,0,1040
ucb1,1,0,1041
ucb1,1,0,1042
ucb1,1,0,1043
ucb1,1,0,1044
ucb1,1,0,1045
ucb1,1,0,1046
ucb1,1,0,1047
ucb1,1,0,1048
ucb1,1,0,1049
ucb1,1,0,1050
ucb1,1,0,1051
ucb1,1,0,1052
ucb1,1,0,1053
ucb1,1,0,1054
ucb1,1,0,1055
ucb1,1,0,1056
ucb1,1,0,1057
ucb1,1,0,1058
ucb1,1,0,1059
ucb1,1,0,1060
ucb1,1,0,1061
ucb1,1,0,1062
ucb1,1,0,1063
ucb1,1,0,1064
ucb1,1,0,1065
ucb1,1,0,1066
ucb1,1,0,1067
ucb1,1,0,1068
ucb1,1,0,1069
ucb1,1,0,1070
ucb1,1,0,1071
ucb1,1,0,1072
ucb1,1,0,1073
ucb1,1,0,1074
ucb1,1,0,1075
ucb1,1,0,1076
ucb1,1,0,1077
ucb1,1,0,1078
ucb1,1,0,1079
ucb1,1,0,1080
ucb1,1,0,1081
ucb1,1,0,1082
ucb1,1,0,1083
ucb1,1,0,1084
ucb1,1,0,1085
ucb1,1,0,1086
ucb1,1,0,1087
ucb1,1,0,1088
ucb1,1,0,1089
ucb1,1,0,1090
ucb1,1,0,1091
ucb1,1,0,1092
ucb1,1,0,1093
ucb1,1,0,1094
ucb1,1,0,1095
ucb1,1,0,1096
ucb1,1,0,1097
ucb1,1,0,1098
ucb1,1,0,1099
ucb1,1,0,1100
ucb1,1,0,1101
ucb1,1,0,1102
ucb1,1,0,1103
ucb1,1,0,1104
ucb1,1,0,1105
ucb1,1,0,1106
ucb1,1,0,1107
ucb1,1,0,1108
ucb1,1,0,1109
ucb1,1,0,1110
ucb1,1,0,1111
ucb1,1,0,1112
ucb1,1,0,1113
ucb1,1,0,1114
ucb1,1,0,1115
ucb1,1,0,1116
ucb1,1,0,1117
ucb1,1,0,1118
ucb1,1,0,1119
ucb1,1,0,1120
ucb1,1,0,1121
ucb1,1,0,1122
ucb1,1,0,1123
ucb1,1,0,1124
ucb1,1,0,1125
ucb1,1,0,1126
ucb1,1,0,1127
ucb1,1,0,1128
ucb1,1,0,1129
ucb1,1,0,1130
ucb1,1,0,1131
ucb1,1,0,1132
ucb1,1,0,1133
ucb1,1,0,1134
ucb1,1,0,1135
ucb1,1,0,1136
ucb1,1,0,1137
ucb1,1,0,1138
ucb1,1,0,1139
ucb1,1,0,1140
ucb1,1,0,1141
ucb1,1,0,1142
ucb1,1,0,1143
ucb1,1,0,1144
ucb1,1,0,1145
ucb1,1,0,1146
ucb1,1,0,1147
ucb1,1,0,1148
ucb1,1,0,1149
ucb1,1,0,1150
ucb1,1,0,1151
ucb1,1,0,1152
ucb1,1,0,1153
ucb1,1,0,1154
ucb1,1,0,1155
ucb1,1,0,1156
ucb1,1,0,1157
ucb1,1,0,1158
ucb1,1,0,1159
ucb1,1,0,1160
ucb1,1,0,1161
ucb1,1,0,1162
ucb1,1,0,1163
ucb1,1,0,1164
ucb1,1,0,1165
ucb1,1,0,1166
ucb1,1,0,1167
ucb1,1,0,1168
ucb1,1,0,1169
ucb1,1,0,1170
ucb1,1,0,1171
ucb1,1,0,1172
ucb1,1,0,1173
ucb1,1,0,1174
ucb1,1,0,1175
ucb1,1,0,1176
ucb1,1,0,1177
ucb1,1,0,1178
ucb1,1,0,1179
ucb1,1,0,1180
ucb1,1,0,1181
ucb1,1,0,1182
ucb1,1,0,1183
ucb1,1,0,1184
ucb1,1,0,1185
ucb1,1,0,1186
ucb1,1,0,1187
ucb1,1,0,1188
ucb1,1,0,1189
ucb1,1,0,1190
ucb1,1,0,1191
ucb1,1,0,1192
ucb1,1,0,1193
ucb1,1,0,1194
ucb1,1,0,1195
ucb1,1,0,1196
ucb1,1,0,1197
ucb1,1,0,1198
ucb1,1,0,1199
ucb1,1,0,1200
ucb1,1,0,1201
ucb1,1,0,1202
ucb1,1,0,1203
ucb1,1,0,1204
ucb1,1,0,1205
ucb1,1,0,1206
ucb1,1,0,1207
ucb1,1,0,1208
ucb1,1,0,1209
ucb1,1,0,1210
ucb1,1,0,1211
ucb1,1,0,1212
ucb1,1,0,1213
ucb1,1,0,1214
ucb1,1,0,1215
ucb1,1,0,1216
ucb1,1,0,1217
ucb1,1,0,1218
ucb1,1,0,1219
ucb1,1,0,1220
ucb1,1,0,1221
ucb1,1,0,1222
ucb1,1,0,1223
ucb1,1,0,1224
ucb1,1,0,1225
ucb1,1,0,1226
ucb1,1,0,1227
ucb1,1,0,1228
ucb1,1,0,1229
ucb1,1,0,1230
ucb1,1,0,1231
ucb1,1,0,1232
ucb1,1,0,1233
ucb1,1,0,1234
ucb1,1,0,1235
ucb1,1,0,1236
ucb1,1,0,1237
ucb1,1,0,1238
ucb1,1,0,1239
ucb1,1,0,1240
ucb1,1,0,1241
ucb1,1,0,1242
ucb1,1,0,1243
ucb1,1,0,1244
ucb1,1,0,1245
ucb1,1,0,1246
ucb1,1,0,1247
ucb1,1,0,1248
ucb1,1,0,1249
ucb1,1,0,1250
ucb1,1,0,1251
ucb1,1,0,1252
ucb1,1,0,1253
ucb1,1,0,1254
ucb1,1,0,1255
ucb1,1,0,1256
ucb1,1,0,1257
ucb1,1,0,1258
ucb1,1,0,1259
ucb1,1,0,1260
ucb1,1,0,1261
ucb1,1,0,1262
ucb1,1,0,1263
ucb1,1,0,1264
ucb1,1,0,1265
ucb1,1,0,1266
ucb1,1,0,1267
ucb1,1,0,1268
ucb1,1,0,1269
ucb1,1,0,1270
ucb1,1,0,1271
ucb1,1,0,1272
ucb1,1,0,1273
ucb1,1,0,1274
ucb1,1,0,1275
ucb1,1,0,1276
ucb1,1,0,1277
ucb1,1,0,1278
ucb1,1,0,1279
ucb1,1,0,1280
ucb1,1,0,1281
ucb1,1,0,1282
ucb1,1,0,1283
ucb1,1,0,1284
ucb1,1,0,1285
ucb1,1,0,1286
ucb1,1,0,1287
ucb1,1,0,1288
ucb1,1,0,1289
ucb1,1,0,1290
ucb1,1,0,1291
ucb1,1,0,1292
ucb1,1,0,1293
ucb1,1,0,1294
ucb1,1,0,1295
ucb1,1,0,1296
ucb1,1,0,1297
ucb1,1,0,1298
ucb1,1,0,1299
ucb1,1,0,1300
ucb1,1,0,1301
ucb1,1,0,1302
ucb1,1,0,1303
ucb1,1,0,1304
ucb1,1,0,1305
ucb1,1,0,1306
ucb1,1,0,1307
ucb1,1,0,1308
ucb1,1,0,1309
ucb1,1,0,1310
ucb1,1,0,1311
ucb1,1,0,1312
ucb1,1,0,1313
ucb1,1,0,1314
ucb1,1,0,1315
ucb1,1,0,1316
ucb1,1,0,1317
ucb1,1,0,1318
ucb1,1,0,1319
ucb1,1,0,1320
ucb1,1,0,1321
ucb1,1,0,1322
ucb1,1,0,1323
ucb1,1,0,1324
ucb1,1,0,1325
ucb1,1,0,1326
ucb1,1,0,1327
ucb1,1,0,1328
ucb1,1,0,1329
ucb1,1,0,1330
ucb1,1,0,1331
ucb1,1,0,1332
ucb1,1,0,1333
ucb1,1,0,1334
ucb1,1,0,1335
ucb1,1,0,1336
ucb1,1,0,1337
ucb1,1,0,1338
ucb1,1,0,1339
ucb1,1,0,1340
ucb1,1,0,1341
ucb1,1,0,1342
ucb1,1,0,1343
ucb1,1,0,1344
ucb1,1,0,1345
ucb1,1,0,1346
ucb1,1,0,1347
ucb1,1,0,1348
ucb1,1,0,1349
ucb1,1,0,1350
ucb1,1,0,1351
ucb1,1,0,1352
ucb1,1,0,1353
ucb1,1,0,1354
ucb1,1,0,1355
ucb1,1,0,1356
ucb1,1,0,1357
ucb1,1,0,1358
ucb1,1,0,1359
ucb1,1,0,1360
ucb1,1,0,1361
ucb1,1,0,1362
ucb1,1,0,1363
ucb1,1,0,1364
ucb1,1,0,1365
ucb1,1,0,1366
ucb1,1,0,1367
ucb1,1,0,1368
ucb1,1,0,1369
ucb1,1,0,1370
ucb1,1,0,1371
ucb1,1,0,1372
ucb1,1,0,1373
ucb1,1,0,1374
ucb1,1,0,1375
ucb1,1,0,1376
ucb1,1,0,1377
ucb1,1,0,1378
ucb1,1,0,1379
ucb1,1,0,1380
ucb1,1,0,1381
ucb1,1,0,1382
ucb1,1,0,1383
ucb1,1,0,1384
ucb1,1,0,1385
ucb1,1,0,1386
ucb1,1,0,1387
ucb1,1,0,1388
ucb1,1,0,1389
ucb1,1,0,1390
ucb1,1,0,1391
ucb1,1,0,1392
ucb1,1,0,1393
ucb1,1,0,1394
ucb1,1,0,1395
ucb1,1,0,1396
ucb1,1,0,1397
ucb1,1,0,1398
ucb1,1,0,1399
ucb1,1,0,1400
ucb1,1,0,1401
ucb1,1,0,1402
ucb1,1,0,1403
ucb1,1,0,1404
ucb1,1,0,1405
ucb1,1,0,1406
ucb1,1,0,1407
ucb1,1,0,1408
ucb1,1,0,1409
ucb1,1,0,1410
ucb1,1,0,1411
ucb1,1,0,1412
ucb1,1,0,1413
ucb1,1,0,1414
ucb1,1,0,1415
ucb1,1,0,1416
ucb1,1,0,1417
ucb1,1,0,1418
ucb1,1,0,1419
ucb1,1,0,1420
ucb1,1,0,1421
ucb1,1,0,1422
ucb1,1,0,1423
ucb1,1,0,1424
ucb1,1,0,1425
ucb1,1,0,1426
ucb1,1,0,1427
ucb1,1,0,1428
ucb1,1,0,1429
ucb1,1,0,1430
ucb1,1,0,1431
ucb1,1,0,1432
ucb1,1,0,1433
ucb1,1,0,1434
ucb1,1,0,1435
ucb1,1,0,1436
ucb1,1,0,1437
ucb1,1,0,1438
ucb1,1,0,1439
ucb1,1,0,1440
ucb1,1,0,1441
ucb1,1,0,1442
ucb1,1,0,1443
ucb1,1,0,1444
ucb1,1,0,1445
ucb1,1,0,1446
ucb1,1,0,1447
ucb1,1,0,1448
ucb1,1,0,1449
ucb1,1,0,1450
ucb1,1,0,1451
ucb1,1,0,1452
ucb1,1,0,1453
ucb1,1,0,1454
ucb1,1,0,1455
ucb1,1,0,1456
ucb1,1,0,1457
ucb1,1,0,1458
ucb1,1,0,1459
ucb1,1,0,1460
ucb1,1,0,1461
ucb1,1,0,1462
ucb1,1,0,1463
ucb1,1,0,1464
ucb1,1,0,1465
ucb1,1,0,1466
ucb1,1,0,1467
ucb1,1,0,1468
ucb1,1,0,1469
ucb1,1,0,1470
ucb1,1,0,1471
ucb1,1,0,1472
ucb1,1,0,1473
ucb1,1,0,1474
ucb1,1,0,1475
ucb1,1,0,1476
ucb1,1,0,1477
ucb1,1,0,1478
ucb1,1,0,1479
ucb1,1,0,1480
ucb1,1,0,1481
ucb1,1,0,1482
ucb1,1,0,1483
ucb1,1,0,1484
ucb1,1,0,1485
ucb1,1,0,1486
ucb1,1,0,1487
ucb1,1,0,1488
ucb1,1,0,1489
ucb1,1,0,1490
ucb1,1,0,1491
ucb1,1,0,1492
ucb1,1,0,1493
ucb1,1,0,1494
ucb1,1,0,1495
ucb1,1,0,1496
ucb1,1,0,1497
ucb1,1,0,1498
ucb1,1,0,1499
ucb1,1,0,1500
ucb1,1,0,1501
ucb1,1,0,1502
ucb1,1,0,1503
ucb1,1,0,1504
ucb1,1,0,1505
ucb1,1,0,1506
ucb1,1,0,1507
ucb1,1,0,1508
ucb1,1,0,1509
ucb1,1,0,1510
ucb1,1,0,1511
ucb1,1,0,1512
ucb1,1,0,1513
ucb1,1,0,1514
ucb1,1,0,1515
ucb1,1,0,1516
ucb1,1,0,1517
ucb1,1,0,1518
ucb1,1,0,1519
ucb1,1,0,1520
ucb1,1,0,1521
ucb1,1,0,1522
ucb1,1,0,1523
ucb1,1,0,1524
ucb1,1,0,1525
ucb1,1,0,1526
ucb1,1,0,1527
ucb1,1,0,1528
ucb1,1,0,1529
ucb1,1,0,1530
ucb1,1,0,1531
ucb1,1,0,1532
ucb1,1,0,1533
ucb1,1,0,1534
ucb1,1,0,1535
ucb1,1,0,1536
ucb1,1,0,1537
ucb1,1,0,1538
ucb1,1,0,1539
ucb1,1,0,1540
ucb1,1,0,1541
ucb1,1,0,1542
ucb1,1,0,1543
ucb1,1,0,1544
ucb1,1,0,1545
ucb1,1,0,1546
ucb1,1,0,1547
ucb1,1,0,1548
ucb1,1,0,1549
ucb1,1,0,1550
ucb1,1,0,1551
ucb1,1,0,1552
ucb1,1,0,1553
ucb1,1,0,1554
ucb1,1,0,1555
ucb1,1,0,1556
ucb1,1,0,1557
ucb1,1,0,1558
ucb1,1,0,1559
ucb1,1,0,1560
ucb1,1,0,1561
ucb1,1,0,1562
ucb1,1,0,1563
ucb1,1,0,1564
ucb1,1,0,1565
ucb1,1,0,1566
ucb1,1,0,1567
ucb1,1,0,1568
ucb1,1,0,1569
ucb1,1,0,1570
ucb1,1,0,1571
ucb1,1,0,1572
ucb1,1,0,1573
ucb1,1,0,1574
ucb1,1,0,1575
ucb1,1,0,1576
ucb1,1,0,1577
ucb1,1,0,1578
ucb1,1,0,1579
ucb1,1,0,1580
ucb1,1,0,1581
ucb1,1,0,1582
ucb1,1,0,1583
ucb1,1,0,1584
ucb1,1,0,1585
ucb1,1,0,1586
ucb1,1,0,1587
ucb1,1,0,1588
ucb1,1,0,1589
ucb1,1,0,1590
ucb1,1,0,1591
ucb1,1,0,1592
ucb1,1,0,1593
ucb1,1,0,1594
ucb1,1,0,1595
ucb1,1,0,1596
ucb1,1,0,1597
ucb1,1,0,1598
ucb1,1,0,1599
ucb1,1,0,1600
ucb1,1,0,1601
ucb1,1,0,1602
ucb1,1,0,1603
ucb1,1,0,1604
ucb1,1,0,1605
ucb1,1,0,1606
ucb1,1,0,1607
ucb1,1,0,1608
ucb1,1,0,1609
ucb1,1,0,1610
ucb1,1,0,1611
ucb1,1,0,1612
ucb1,1,0,1613
ucb1,1,0,1614
ucb1,1,0,1615
ucb1,1,0,1616
ucb1,1,0,1617
ucb1,1,0,1618
ucb1,1,0,1619
ucb1,1,0,1620
ucb1,1,0,1621
ucb1,1,0,1622
ucb1,1,0,1623
ucb1,1,0,1624
ucb1,1,0,1625
ucb1,1,0,1626
ucb1,1,0,1627
ucb1,1,0,1628
ucb1,1,0,1629
ucb1,1,0,1630
ucb1,1,0,1631
ucb1,1,0,1632
ucb1,1,0,1633
ucb1,1,0,1634
ucb1,1,0,1635
ucb1,1,0,1636
ucb1,1,0,1637
ucb1,1,0,1638
ucb1,1,0,1639
ucb1,1,0,1640
ucb1,1,0,1641
ucb1,1,0,1642
ucb1,1,0,1643
ucb1,1,0,1644
ucb1,1,0,1645
ucb1,1,0,1646
ucb1,1,0,1647
ucb1,1,0,1648
ucb1,1,0,1649
ucb1,1,0,1650
ucb1,1,0,1651
ucb1,1,0,1652
ucb1,1,0,1653
ucb1,1,0,1654
ucb1,1,0,1655
ucb1,1,0,1656
ucb1,1,0,1657
ucb1,1,0,1658
ucb1,1,0,1659
ucb1,1,0,1660
ucb1,1,0,1661
ucb1,1,0,1662
ucb1,1,0,1663
ucb1,1,0,1664
ucb1,1,0,1665
ucb1,1,0,1666
ucb1,1,0,1667
ucb1,1,0,1668
ucb1,1,0,1669
ucb1,1,0,1670
ucb1,1,0,1671
ucb1,1,0,1672
ucb1,1,0,1673
ucb1,1,0,1674
ucb1,1,0,1675
ucb1,1,0,1676
ucb1,1,0,1677
ucb1,1,0,1678
ucb1,1,0,1679
ucb1,1,0,1680
ucb1,1,0,1681
ucb1,1,0,1682
ucb1,1,0,1683
ucb1,1,0,1684
ucb1,1,0,1685
ucb1,1,0,1686
ucb1,1,0,1687
ucb1,1,0,1688
ucb1,1,0,1689
ucb1,1,0,1690
ucb1,1,0,1691
ucb1,1,0,1692
ucb1,1,0,1693
ucb1,1,0,1694
ucb1,1,0,1695
ucb1,1,0,1696
ucb1,1,0,1697
ucb1,1,0,1698
ucb1,1,0,1699
ucb1,1,0,1700
ucb1,1,0,1701
ucb1,1,0,1702
ucb1,1,0,1703
ucb1,1,0,1704
ucb1,1,0,1705
ucb1,1,0,1706
ucb1,1,0,1707
ucb1,1,0,1708
ucb1,1,0,1709
ucb1,1,0,1710
ucb1,1,0,1711
ucb1,1,0,1712
ucb1,1,0,1713
ucb1,1,0,1714
ucb1,1,0,1715
ucb1,1,0,1716
ucb1,1,0,1717
ucb1,1,0,1718
ucb1,1,0,1719
ucb1,1,0,1720
ucb1,1,0,1721
ucb1,1,0,1722
ucb1,1,0,1723
ucb1,1,0,1724
ucb1,1,0,1725
ucb1,1,0,1726
ucb1,1,0,1727
ucb1,1,0,1728
ucb1,1,0,1729
ucb1,1,0,1730
ucb1,1,0,1731
ucb1,1,0,1732
ucb1,1,0,1733
ucb1,1,0,1734
ucb1,1,0,1735
ucb1,1,0,1736
ucb1,1,0,1737
ucb1,1,0,1738
ucb1,1,0,1739
ucb1,1,0,1740
ucb1,1,0,1741
ucb1,1,0,1742
ucb1,1,0,1743
ucb1,1,0,1744
ucb1,1,0,1745
ucb1,1,0,1746
ucb1,1,0,1747
ucb1,1,0,1748
ucb1,1,0,1749
ucb1,1,0,1750
ucb1,1,0,1751
ucb1,1,0,1752
ucb1,1,0,1753
ucb1,1,0,1754
ucb1,1,0,1755
ucb1,1,0,1756
ucb1,1,0,1757
ucb1,1,0,1758
ucb1,1,0,1759
ucb1,1,0,1760
ucb1,1,0,1761
ucb1,1,0,1762
ucb1,1,0,1763
ucb1,1,0,1764
ucb1,1,0,1765
ucb1,1,0,1766
ucb1,1,0,1767
ucb1,1,0,1768
ucb1,1,0,1769
ucb1,1,0,1770
ucb1,1,0,1771
ucb1,1,0,1772
ucb1,1,0,1773
ucb1,1,0,1774
ucb1,1,0,1775
ucb1,1,0,1776
ucb1,1,0,1777
ucb1,1,0,1778
ucb1,1,0,1779
ucb1,1,0,1780
ucb1,1,0,1781
ucb1,1,0,1782
ucb1,1,0,1783
ucb1,1,0,1784
ucb1,1,0,1785
ucb1,1,0,1786
ucb1,1,0,1787
ucb1,1,0,1788
ucb1,1,0,1789
ucb1,1,0,1790
ucb1,1,0,1791
ucb1,1,0,1792
ucb1,1,0,1793
ucb1,1,0,1794
ucb1,1,0,1795
ucb1,1,0,1796
ucb1,1,0,1797
ucb1,1,0,1798
ucb1,1,0,1799
ucb1,1,0,1800
ucb1,1,0,1801
ucb1,1,0,1802
ucb1,1,0,1803
ucb1,1,0,1804
ucb1,1,0,1805
ucb1,1,0,1806
ucb1,1,0,1807
ucb1,1,0,1808
ucb1,1,0,1809
ucb1,1,0,1810
ucb1,1,0,1811
ucb1,1,0,1812
ucb1,1,0,1813
ucb1,1,0,1814
ucb1,1,0,1815
ucb1,1,0,1816
ucb1,1,0,1817
ucb1,1,0,1818
ucb1,1,0,1819
ucb1,1,0,1820
ucb1,1,0,1821
ucb1,1,0,1822
ucb1,1,0,1823
ucb1,1,0,1824
ucb1,1,0,1825
ucb1,1,0,1826
ucb1,1,0,1827
ucb1,1,0,1828
ucb1,1,0,1829
ucb1,1,0,1830
ucb1,1,0,1831
ucb1,1,0,1832
ucb1,1,0,1833
ucb1,1,0,1834
ucb1,1,0,1835
ucb1,1,0,1836
ucb1,1,0,1837
ucb1,1,0,1838
ucb1,1,0,1839
ucb1,1,0,1840
ucb1,1,0,1841
ucb1,1,0,1842
ucb1,1,0,1843
ucb1,1,0,1844
ucb1,1,0,1845
ucb1,1,0,1846
ucb1,1,0,1847
ucb1,1,0,1848
ucb1,1,0,1849
ucb1,1,0,1850
ucb1,1,0,1851
ucb1,1,0,1852
ucb1,1,0,1853
ucb1,1,0,1854
ucb1,1,0,1855
ucb1,1,0,1856
ucb1,1,0,1857
ucb1,1,0,1858
ucb1,1,0,1859
ucb1,1,0,1860
ucb1,1,0,1861
ucb1,1,0,1862
ucb1,1,0,1863
ucb1,1,0,1864
ucb1,1,0,1865
ucb1,1,0,1866
ucb1,1,0,1867
ucb1,1,0,1868
ucb1,1,0,1869
ucb1,1,0,1870
ucb1,1,0,1871
ucb1,1,0,1872
ucb1,1,0,1873
ucb1,1,0,1874
ucb1,1,0,1875
ucb1,1,0,1876
ucb1,1,0,1877
ucb1,1,0,1878
ucb1,1,0,1879
ucb1,1,0,1880
ucb1,1,0,1881
ucb1,1,0,1882
ucb1,1,0,1883
ucb1,1,0,1884
ucb1,1,0,1885
ucb1,1,0,1886
ucb1,1,0,1887
ucb1,1,0,1888
ucb1,1,0,1889
ucb1,1,0,1890
ucb1,1,0,1891
ucb1,1,0,1892
ucb1,1,0,1893
ucb1,1,0,1894
ucb1,1,0,1895
ucb1,1,0,1896
ucb1,1,0,1897
ucb1,1,0,1898
ucb1,1,0,1899
ucb1,1,0,1900
ucb1,1,0,1901
ucb1,1,0,1902
ucb1,1,0,1903
ucb1,1,0,1904
ucb1,1,0,1905
ucb1,1,0,1906
ucb1,1,0,1907
ucb1,1,0,1908
ucb1,1,0,1909
ucb1,1,0,1910
ucb1,1,0,1911
ucb1,1,0,1912
ucb1,1,0,1913
ucb1,1,0,1914
ucb1,1,0,1915
ucb1,1,0,1916
ucb1,1,0,1917
ucb1,1,0,1918
ucb1,1,0,1919
ucb1,1,0,1920
ucb1,1,0,1921
ucb1,1,0,1922
ucb1,1,0,1923
ucb1,1,0,1924
ucb1,1,0,1925
ucb1,1,0,1926
ucb1,1,0,1927
ucb1,1,0,1928
ucb1,1,0,1929
ucb1,1,0,1930
ucb1,1,0,1931
ucb1,1,0,1932
ucb1,1,0,1933
ucb1,1,0,1934
ucb1,1,0,1935
ucb1,1,0,1936
ucb1,1,0,1937
ucb1,1,0,1938
ucb1,1,0,1939
ucb1,1,0,1940
ucb1,1,0,1941
ucb1,1,0,1942
ucb1,1,0,1943
ucb1,1,0,1944
ucb1,1,0,1945
ucb1,1,0,1946
ucb1,1,0,1947
ucb1,1,0,1948
ucb1,1,0,1949
ucb1,1,0,1950
ucb1,1,0,1951
ucb1,1,0,1952
ucb1,1,0,1953
ucb1,1,0,1954
ucb1,1,0,1955
ucb1,1,0,1956
ucb1,1,0,1957
ucb1,1,0,1958
ucb1,1,0,1959
ucb1,1,0,1960
ucb1,1,0,1961
ucb1,1,0,1962
ucb1,1,0,1963
ucb1,1,0,1964
ucb1,1,0,1965
ucb1,1,0,1966
ucb1,1,0,1967
ucb1,1,0,1968
ucb1,1,0,1969
ucb1,1,0,1970
ucb1,1,0,1971
ucb1,1,0,1972
ucb1,1,0,1973
ucb1,1,0,1974
ucb1,1,0,1975
ucb1,1,0,1976
ucb1,1,0,1977
ucb1,1,0,1978
ucb1,1,0,1979
ucb1,1,0,1980
ucb1,1,0,1981
ucb1,1,0,1982
ucb1,1,0,1983
ucb1,1,0,1984
ucb1,1,0,1985
ucb1,1,0,1986
ucb1,1,0,1987
ucb1,1,0,1988
ucb1,1,0,1989
ucb1,1,0,1990
ucb1,1,0,1991
ucb1,1,0,1992
ucb1,1,0,1993
ucb1,1,0,1994
ucb1,1,0,1995
ucb1,1,0,1996
ucb1,1,0,1997
ucb1,1,0,1998
ucb1,1,0,1999
ucb1,1,0,2000
ucb1,1,0,2001
ucb1,1,0,2002
ucb1,1,0,2003
ucb1,1,0,2004
ucb1,1,0,2005
ucb1,1,0,2006
ucb1,1,0,2007
ucb1,1,0,2008
ucb1,1,0,2009
ucb1,1,0,2010
ucb1,1,0,2011
ucb1,1,0,2012
ucb1,1,0,2013
ucb1,1,0,2014
ucb1,1,0,2015
ucb1,1,0,2016
ucb1,1,0,2017
ucb1,1,0,2018
ucb1,1,0,2019
ucb1,1,0,2020
ucb1,1,0,2021
ucb1,1,0,2022
ucb1,1,0,2023
ucb1,1,0,2024
ucb1,1,0,2025
ucb1,1,0,2026
ucb1,1,0,2027
ucb1,1,0,2028
ucb1,1,0,2029
ucb1,1,0,2030
ucb1,1,0,2031
ucb1,1,0,2032
ucb1,1,0,2033
ucb1,1,0,2034
ucb1,1,0,2035
ucb1,1,0,2036
ucb1,1,0,2037
ucb1,1,0,2038
ucb1,1,0,2039
ucb1,1,0,2040
ucb1,1,0,2041
ucb1,1,0,2042
ucb1,1,0,2043
ucb1,1,0,2044
ucb1,1,0,2045
ucb1,1,0,2046
ucb1,1,0,2047
ucb1,1,0,2048
ucb1,1,0,2049
ucb1,1,0,2050
ucb1,1,0,2051
ucb1,1,0,2052
ucb1,1,0,2053
ucb1,1,0,2054
ucb1,1,0,2055
ucb1,1,0,2056
ucb1,1,0,2057
ucb1,1,0,2058
ucb1,1,0,2059
ucb1,1,0,2060
ucb1,1,0,2061
ucb1,1,0,2062
ucb1,1,0,2063
ucb1,1,0,2064
ucb1,1,0,2065
ucb1,1,0,2066
ucb1,1,0,2067
ucb1,1,0,2068
ucb1,1,0,2069
ucb1,1,0,2070
ucb1,1,0,2071
ucb1,1,0,2072
ucb1,1,0,2073
ucb1,1,0,2074
ucb1,1,0,2075
ucb1,1,0,2076
ucb1,1,0,2077
ucb1,1,0,2078
ucb1,1,0,2079
ucb1,1,0,2080
ucb1,1,0,2081
ucb1,1,0,2082
ucb1,1,0,2083
ucb1,1,0,2084
ucb1,1,0,2085
ucb1,1,0,2086
ucb1,1,0,2087
ucb1,1,0,2088
ucb1,1,0,2089
ucb1,1,0,2090
ucb1,1,0,2091
ucb1,1,0,2092
ucb1,1,0,2093
ucb1,1,0,2094
ucb1,1,0,2095
ucb1,1,0,2096
ucb1,1,0,2097
ucb1,1,0,2098
ucb1,1,0,2099
ucb1,1,0,2100
ucb1,1,0,2101
ucb1,1,0,2102
ucb1,1,0,2103
ucb1,1,0,2104
ucb1,1,0,2105
ucb1,1,0,2106
ucb1,1,0,2107
ucb1,1,0,2108
ucb1,1,0,2109
ucb1,1,0,2110
ucb1,1,0,2111
ucb1,1,0,2112
ucb1,1,0,2113
ucb1,1,0,2114
ucb1,1,0,2115
ucb1,1,0,2116
ucb1,1,0,2117
ucb1,1,0,2118
ucb1,1,0,2119
ucb1,1,0,2120
ucb1,1,0,2121
ucb1,1,0,2122
ucb1,1,0,2123
ucb1,1,0,2124
ucb1,1,0,2125
ucb1,1,0,2126
ucb1,1,0,2127
ucb1,1,0,2128
ucb1,1,0,2129
ucb1,1,0,2130
ucb1,1,0,2131
ucb1,1,0,2132
ucb1,1,0,2133
ucb1,1,0,2134
ucb1,1,0,2135
ucb1,1,0,2136
ucb1,1,0,2137
ucb1,1,0,2138
ucb1,1,0,2139
ucb1,1,0,2140
ucb1,1,0,2141
ucb1,1,0,2142
ucb1,1,0,2143
ucb1,1,0,2144
ucb1,1,0,2145
ucb1,1,0,2146
ucb1,1,0,2147
ucb1,1,0,2148
ucb1,1,0,2149
ucb1,1,0,2150
ucb1,1,0,2151
ucb1,1,0,2152
ucb1,1,0,2153
ucb1,1,0,2154
ucb1,1,0,2155
ucb1,1,0,2156
ucb1,1,0,2157
ucb1,1,0,2158
ucb1,1,0,2159
ucb1,1,0,2160
ucb1,1,0,2161
ucb1,1,0,2162
ucb1,1,0,2163
ucb1,1,0,2164
ucb1,1,0,2165
ucb1,1,0,2166
ucb1,1,0,2167
ucb1,1,0,2168
ucb1,1,0,2169
ucb1,1,0,2170
ucb1,1,0,2171
ucb1,1,0,2172
ucb1,1,0,2173
ucb1,1,0,2174
ucb1,1,0,2175
ucb1,1,0,2176
ucb1,1,0,2177
ucb1,1,0,2178
ucb1,1,0,2179
ucb1,1,0,2180
ucb1,1,0,2181
ucb1,1,0,2182
ucb1,1,0,2183
ucb1,1,0,2184
ucb1,1,0,2185
ucb1,1,0,2186
ucb1,1,0,2187
ucb1,1,0,2188
ucb1,1,0,2189
ucb1,1,0,2190
ucb1,1,0,2191
ucb1,1,0,2192
ucb1,1,0,2193
ucb1,1,0,2194
ucb1,1,0,2195
ucb1,1,0,2196
ucb1,1,0,2197
ucb1,1,0,2198
ucb1,1,0,2199
ucb1,1,0,2200
ucb1,1,0,2201
ucb1,1,0,2202
ucb1,1,0,2203
ucb1,1,0,2204
ucb1,1,0,2205
ucb1,1,0,2206
ucb1,1,0,2207
ucb1,1,0,2208
ucb1,1,0,2209
ucb1,1,0,2210
ucb1,1,0,2211
ucb1,1,0,2212
ucb1,1,0,2213
ucb1,1,0,2214
ucb1,1,0,2215
ucb1,1,0,2216
ucb1,1,0,2217
ucb1,1,0,2218
ucb1,1,0,2219
ucb1,1,0,2220
ucb1,1,0,2221
ucb1,1,0,2222
ucb1,1,0,2223
ucb1,1,0,2224
ucb1,1,0,2225
ucb1,1,0,2226
ucb1,1,0,2227
ucb1,1,0,2228
ucb1,1,0,2229
ucb1,1,0,2230
ucb1,1,0,2231
ucb1,1,0,2232
ucb1,1,0,2233
ucb1,1,0,2234
ucb1,1,0,2235
ucb1,1,0,2236
ucb1,1,0,2237
ucb1,1,0,2238
ucb1,1,0,2239
ucb1,1,0,2240
ucb1,1,0,2241
ucb1,1,0,2242
ucb1,1,0,2243
ucb1,1,0,2244
ucb1,1,0,2245
ucb1,1,0,2246
ucb1,1,0,2247
ucb1,1,0,2248
ucb1,1,0,2249
ucb1,1,0,2250
ucb1,1,0,2251
ucb1,1,0,2252
ucb1,1,0,2253
ucb1,1,0,2254
ucb1,1,0,2255
ucb1,1,0,2256
ucb1,1,0,2257
ucb1,1,0,2258
ucb1,1,0,2259
ucb1,1,0,2260
ucb1,1,0,2261
ucb1,1,0,2262
ucb1,1,0,2263
ucb1,1,0,2264
ucb1,1,0,2265
ucb1,1,0,2266
ucb1,1,0,2267
ucb1,1,0,2268
ucb1,1,0,2269
ucb1,1,0,2270
ucb1,1,0,2271
ucb1,1,0,2272
ucb1,1,0,2273
ucb1,1,0,2274
ucb1,1,0,2275
ucb1,1,0,2276
ucb1,1,0,2277
ucb1,1,0,2278
ucb1,1,0,2279
ucb1,1,0,2280
ucb1,1,0,2281
ucb1,1,0,2282
ucb1,1,0,2283
ucb1,1,0,2284
ucb1,1,0,2285
ucb1,1,0,2286
ucb1,1,0,2287
ucb1,1,0,2288
ucb1,1,0,2289
ucb1,1,0,2290
ucb1,1,0,2291
ucb1,1,0,2292
ucb1,1,0,2293
ucb1,1,0,2294
ucb1,1,0,2295
ucb1,1,0,2296
ucb1,1,0,2297
ucb1,1,0,2298
ucb1,1,0,2299
ucb1,1,0,2300
ucb1,1,0,2301
ucb1,1,0,2302
ucb1,1,0,2303
ucb1,1,0,2304
ucb1,1,0,2305
ucb1,1,0,2306
ucb1,1,0,2307
ucb1,1,0,2308
ucb1,1,0,2309
ucb1,1,0,2310
ucb1,1,0,2311
ucb1,1,0,2312
ucb1,1,0,2313
ucb1,1,0,2314
ucb1,1,0,2315
ucb1,1,0,2316
ucb1,1,0,2317
ucb1,1,0,2318
ucb1,1,0,2319
ucb1,1,0,2320
ucb1,1,0,2321
ucb1,1,0,2322
ucb1,1,0,2323
ucb1,1,0,2324
ucb1,1,0,2325
ucb1,1,0,2326
ucb1,1,0,2327
ucb1,1,0,2328
ucb1,1,0,2329
ucb1,1,0,2330
ucb1,1,0,2331
ucb1,1,0,2332
ucb1,1,0,2333
ucb1,1,0,2334
ucb1,1,0,2335
ucb1,1,0,2336
ucb1,1,0,2337
ucb1,1,0,2338
ucb1,1,0,2339
ucb1,1,0,2340
ucb1,1,0,2341
ucb1,1,0,2342
ucb1,1,0,2343
ucb1,1,0,2344
ucb1,1,0,2345
ucb1,1,0,2346
ucb1,1,0,2347
ucb1,1,0,2348
ucb1,1,0,2349
ucb1,1,0,2350
ucb1,1,0,2351
ucb1,1,0,2352
ucb1,1,0,2353
ucb1,1,0,2354
ucb1,1,0,2355
ucb1,1,0,2356
ucb1,1,0,2357
ucb1,1,0,2358
ucb1,1,0,2359
ucb1,1,0,2360
ucb1,1,0,2361
ucb1,1,0,2362
ucb1,1,0,2363
ucb1,1,0,2364
ucb1,1,0,2365
ucb1,1,0,2366
ucb1,1,0,2367
ucb1,1,0,2368
ucb1,1,0,2369
ucb1,1,0,2370
ucb1,1,0,2371
ucb1,1,0,2372
ucb1,1,0,2373
ucb1,1,0,2374
ucb1,1,0,2375
ucb1,1,0,2376
ucb1,1,0,2377
ucb1,1,0,2378
ucb1,1,0,2379
ucb1,1,0,2380
ucb1,1,0,2381
ucb1,1,0,2382
ucb1,1,0,2383
ucb1,1,0,2384
ucb1,1,0,2385
ucb1,1,0,2386
ucb1,1,0,2387
ucb1,1,0,2388
ucb1,1,0,2389
ucb1,1,0,2390
ucb1,1,0,2391
ucb1,1,0,2392
ucb1,1,0,2393
ucb1,1,0,2394
ucb1,1,0,2395
ucb1,1,0,2396
ucb1,1,0,2397
ucb1,1,0,2398
ucb1,1,0,2399
ucb1,1,0,2400
ucb1,1,0,2401
ucb1,1,0,2402
ucb1,1,0,2403
ucb1,1,0,2404
ucb1,1,0,2405
ucb1,1,0,2406
ucb1,1,0,2407
ucb1,1,0,2408
ucb1,1,0,2409
ucb1,1,0,2410
ucb1,1,0,2411
ucb1,1,0,2412
ucb1,1,0,2413
ucb1,1,0,2414
ucb1,1,0,2415
ucb1,1,0,2416
ucb1,1,0,2417
ucb1,1,0,2418
ucb1,1,0,2419
ucb1,1,0,2420
ucb1,1,0,2421
ucb1,1,0,2422
ucb1,1,0,2423
ucb1,1,0,2424
ucb1,1,0,2425
ucb1,1,0,2426
ucb1,1,0,2427
ucb1,1,0,2428
ucb1,1,0,2429
ucb1,1,0,2430
ucb1,1,0,2431
ucb1,1,0,2432
ucb1,1,0,2433
ucb1,1,0,2434
ucb1,1,0,2435
ucb1,1,0,2436
ucb1,1,0,2437
ucb1,1,0,2438
ucb1,1,0,2439
ucb1,1,0,2440
ucb1,1,0,2441
ucb1,1,0,2442
ucb1,1,0,2443
ucb1,1,0,2444
ucb1,1,0,2445
ucb1,1,0,2446
ucb1,1,0,2447
ucb1,1,0,2448
ucb1,1,0,2449
ucb1,1,0,2450
ucb1,1,0,2451
ucb1,1,0,2452
ucb1,1,0,2453
ucb1,1,0,2454
ucb1,1,0,2455
ucb1,1,0,2456
ucb1,1,0,2457
ucb1,1,0,2458
ucb1,1,0,2459
ucb1,1,0,2460
ucb1,1,0,2461
ucb1,1,0,2462
ucb1,1,0,2463
ucb1,1,0,2464
ucb1,1,0,2465
ucb1,1,0,2466
ucb1,1,0,2467
ucb1,1,0,2468
ucb1,1,0,2469
ucb1,1,0,2470
ucb1,1,0,2471
ucb1,1,0,2472
ucb1,1,0,2473
ucb1,1,0,2474
ucb1,1,0,2475
ucb1,1,0,2476
ucb1,1,0,2477
ucb1,1,0,2478
ucb1,1,0,2479
ucb1,1,0,2480
ucb1,1,0,2481
ucb1,1,0,2482
ucb1,1,0,2483
ucb1,1,0,2484
ucb1,1,0,2485
ucb1,1,0,2486
ucb1,1,0,2487
ucb1,1,0,2488
ucb1,1,0,2489
ucb1,1,0,2490
ucb1,1,0,2491
ucb1,1,0,2492
ucb1,1,0,2493
ucb1,1,0,2494
ucb1,1,0,2495
ucb1,1,0,2496
ucb1,1,0,2497
ucb1,1,0,2498
ucb1,1,0,2499
ucb1,1,0,2500
ucb1,1,0,2501
ucb1,1,0,2502
ucb1,1,0,2503
ucb1,1,0,2504
ucb1,1,0,2505
ucb1,1,0,2506
ucb1,1,0,2507
ucb1,1,0,2508
ucb1,1,0,2509
ucb1,1,0,2510
ucb1,1,0,2511
ucb1,1,0,2512
ucb1,1,0,2513
ucb1,1,0,2514
ucb1,1,0,2515
ucb1,1,0,2516
ucb1,1,0,2517
ucb1,1,0,2518
ucb1,1,0,2519
ucb1,1,0,2520
ucb1,1,0,2521
ucb1,1,0,2522
ucb1,1,0,2523
ucb1,1,0,2524
ucb1,1,0,2525
ucb1,1,0,2526
ucb1,1,0,2527
ucb1,1,0,2528
ucb1,1,0,2529
ucb1,1,0,2530
ucb1,1,0,2531
ucb1,1,0,2532
ucb1,1,0,2533
ucb1,1,0,2534
ucb1,1,0,2535
ucb1,1,0,2536
ucb1,1,0,2537
ucb1,1,0,2538
ucb1,1,0,2539
ucb1,1,0,2540
ucb1,1,0,2541
ucb1,1,0,2542
ucb1,1,0,2543
ucb1,1,0,2544
ucb1,1,0,2545
ucb1,1,0,2546
ucb1,1,0,2547
ucb1,1,0,2548
ucb1,1,0,2549
ucb1,1,0,2550
ucb1,1,0,2551
ucb1,1,0,2552
ucb1,1,0,2553
ucb1,1,0,2554
ucb1,1,0,2555
ucb1,1,0,2556
ucb1,1,0,2557
ucb1,1,0,2558
ucb1,1,0,2559
ucb1,1,0,2560
ucb1,1,0,2561
ucb1,1,0,2562
ucb1,1,0,2563
ucb1,1,0,2564
ucb1,1,0,2565
ucb1,1,0,2566
ucb1,1,0,2567
ucb1,1,0,2568
ucb1,1,0,2569
ucb1,1,0,2570
ucb1,1,0,2571
ucb1,1,0,2572
ucb1,1,0,2573
ucb1,1,0,2574
ucb1,1,0,2575
ucb1,1,0,2576
ucb1,1,0,2577
ucb1,1,0,2578
ucb1,1,0,2579
ucb1,1,0,2580
ucb1,1,0,2581
ucb1,1,0,2582
ucb1,1,0,2583
ucb1,1,0,2584
ucb1,1,0,2585
ucb1,1,0,2586
ucb1,1,0,2587
ucb1,1,0,2588
ucb1,1,0,2589
ucb1,1,0,2590
ucb1,1,0,2591
ucb1,1,0,2592
ucb1,1,0,2593
ucb1,1,0,2594
ucb1,1,0,2595
ucb1,1,0,2596
ucb1,1,0,2597
ucb1,1,0,2598
ucb1,1,0,2599
ucb1,1,0,2600
ucb1,1,0,2601
ucb1,1,0,2602
ucb1,1,0,2603
ucb1,1,0,2604
ucb1,1,0,2605
ucb1,1,0,2606
ucb1,1,0,2607
ucb1,1,0,2608
ucb1,1,0,2609
ucb1,1,0,2610
ucb1,1,0,2611
ucb1,1,0,2612
ucb1,1,0,2613
ucb1,1,0,2614
ucb1,1,0,2615
ucb1,1,0,2616
ucb1,1,0,2617
ucb1,1,0,2618
ucb1,1,0,2619
ucb1,1,0,2620
ucb1,1,0,2621
ucb1,1,0,2622
ucb1,1,0,2623
ucb1,1,0,2624
ucb1,1,0,2625
ucb1,1,0,2626
ucb1,1,0,2627
ucb1,1,0,2628
ucb1,1,0,2629
ucb1,1,0,2630
ucb1,1,0,2631
ucb1,1,0,2632
ucb1,1,0,2633
ucb1,1,0,2634
ucb1,1,0,2635
ucb1,1,0,2636
ucb1,1,0,2637
ucb1,1,0,2638
ucb1,1,0,2639
ucb1,1,0,2640
ucb1,1,0,2641
ucb1,1,0,2642
ucb1,1,0,2643
ucb1,1,0,2644
ucb1,1,0,2645
ucb1,1,0,2646
ucb1,1,0,2647
ucb1,1,0,2648
ucb1,1,0,2649
ucb1,1,0,2650
ucb1,1,0,2651
ucb1,1,0,2652
ucb1,1,0,2653
ucb1,1,0,2654
ucb1,1,0,2655
ucb1,1,0,2656
ucb1,1,0,2657
ucb1,1,0,2658
ucb1,1,0,2659
ucb1,1,0,2660
ucb1,1,0,2661
ucb1,1,0,2662
ucb1,1,0,2663
ucb1,1,0,2664
ucb1,1,0,2665
ucb1,1,0,2666
ucb1,1,0,2667
ucb1,1,0,2668
ucb1,1,0,2669
ucb1,1,0,2670
ucb1,1,0,2671
ucb1,1,0,2672
ucb1,1,0,2673
ucb1,1,0,2674
ucb1,1,0,2675
ucb1,1,0,2676
ucb1,1,0,2677
ucb1,1,0,2678
ucb1,1,0,2679
ucb1,1,0,2680
ucb1,1,0,2681
ucb1,1,0,2682
ucb1,1,0,2683
ucb1,1,0,2684
ucb1,1,0,2685
ucb1,1,0,2686
ucb1,1,0,2687
ucb1,1,0,2688
ucb1,1,0,2689
ucb1,1,0,2690
ucb1,1,0,2691
ucb1,1,0,2692
ucb1,1,0,2693
ucb1,1,0,2694
ucb1,1,0,2695
ucb1,1,0,2696
ucb1,1,0,2697
ucb1,1,0,2698
ucb1,1,0,2699
ucb1,1,0,2700
ucb1,1,0,2701
ucb1,1,0,2702
ucb1,1,0,2703
ucb1,1,0,2704
ucb1,1,0,2705
ucb1,1,0,2706
ucb1,1,0,2707
ucb1,1,0,2708
ucb1,1,0,2709
ucb1,1,0,2710
ucb1,1,0,2711
ucb1,1,0,2712
ucb1,1,0,2713
ucb1,1,0,2714
ucb1,1,0,2715
ucb1,1,0,2716
ucb1,1,0,2717
ucb1,1,0,2718
ucb1,1,0,2719
ucb1,1,0,2720
ucb1,1,0,2721
ucb1,1,0,2722
ucb1,1,0,2723
ucb1,1,0,2724
ucb1,1,0,2725
ucb1,1,0,2726
ucb1,1,0,2727
ucb1,1,0,2728
ucb1,1,0,2729
ucb1,1,0,2730
ucb1,1,0,2731
ucb1,1,0,2732
ucb1,1,0,2733
ucb1,1,0,2734
ucb1,1,0,2735
ucb1,1,0,2736
ucb1,1,0,2737
ucb1,1,0,2738
ucb1,1,0,2739
ucb1,1,0,2740
ucb1,1,0,2741
ucb1,1,0,2742
ucb1,1,0,2743
ucb1,1,0,2744
ucb1,1,0,2745
ucb1,1,0,2746
ucb1,1,0,2747
ucb1,1,0,2748
ucb1,1,0,2749
ucb1,1,0,2750
ucb1,1,0,2751
ucb1,1,0,2752
ucb1,1,0,2753
ucb1,1,0,2754
ucb1,1,0,2755
ucb1,1,0,2756
ucb1,1,0,2757
ucb1,1,0,2758
ucb1,1,0,2759
ucb1,1,0,2760
ucb1,1,0,2761
ucb1,1,0,2762
ucb1,1,0,2763
ucb1,1,0,2764
ucb1,1,0,2765
ucb1,1,0,2766
ucb1,1,0,2767
ucb1,1,0,2768
ucb1,1,0,2769
ucb1,1,0,2770
ucb1,1,0,2771
ucb1,1,0,2772
ucb1,1,0,2773
ucb1,1,0,2774
ucb1,1,0,2775
ucb1,1,0,2776
ucb1,1,0,2777
ucb1,1,0,2778
ucb1,1,0,2779
ucb1,1,0,2780
ucb1,1,0,2781
ucb1,1,0,2782
ucb1,1,0,2783
ucb1,1,0,2784
ucb1,1,0,2785
ucb1,1,0,2786
ucb1,1,0,2787
ucb1,1,0,2788
ucb1,1,0,2789
ucb1,1,0,2790
ucb1,1,0,2791
ucb1,1,0,2792
ucb1,1,0,2793
ucb1,1,0,2794
ucb1,1,0,2795
ucb1,1,0,2796
ucb1,1,0,2797
ucb1,1,0,2798
ucb1,1,0,2799
ucb1,1,0,2800
ucb1,1,0,2801
ucb1,1,0,2802
ucb1,1,0,2803
ucb1,1,0,2804
ucb1,1,0,2805
ucb1,1,0,2806
ucb1,1,0,2807
ucb1,1,0,2808
ucb1,1,0,2809
ucb1,1,0,2810
ucb1,1,0,2811
ucb1,1,0,2812
ucb1,1,0,2813
ucb1,1,0,2814
ucb1,1,0,2815
ucb1,1,0,2816
ucb1,1,0,2817
ucb1,1,0,2818
ucb1,1,0,2819
ucb1,1,0,2820
ucb1,1,0,2821
ucb1,1,0,2822
ucb1,1,0,2823
ucb1,1,0,2824
ucb1,1,0,2825
ucb1,1,0,2826
ucb1,1,0,2827
ucb1,1,0,2828
ucb1,1,0,2829
ucb1,1,0,2830
ucb1,1,0,2831
ucb1,1,0,2832
ucb1,1,0,2833
ucb1,1,0,2834
ucb1,1,0,2835
ucb1,1,0,2836
ucb1,1,0,2837
ucb1,1,0,2838
ucb1,1,0,2839
ucb1,1,0,2840
ucb1,1,0,2841
ucb1,1,0,2842
ucb1,1,0,2843
ucb1,1,0,2844
ucb1,1,0,2845
ucb1,1,0,2846
ucb1,1,0,2847
ucb1,1,0,2848
ucb1,1,0,2849
ucb1,1,0,2850
ucb1,1,0,2851
ucb1,1,0,2852
ucb1,1,0,2853
ucb1,1,0,2854
ucb1,1,0,2855
ucb1,1,0,2856
ucb1,1,0,2857
ucb1,1,0,2858
ucb1,1,0,2859
ucb1,1,0,2860
ucb1,1,0,2861
ucb1,1,0,2862
ucb1,1,0,2863
ucb1,1,0,2864
ucb1,1,0,2865
ucb1,1,0,2866
ucb1,1,0,2867
ucb1,1,0,2868
ucb1,1,0,2869
ucb1,1,0,2870
ucb1,1,0,2871
ucb1,1,0,2872
ucb1,1,0,2873
ucb1,1,0,2874
ucb1,1,0,2875
ucb1,1,0,2876
ucb1,1,0,2877
ucb1,1,0,2878
ucb1,1,0,2879
ucb1,1,0,2880
ucb1,1,0,2881
ucb1,1,0,2882
ucb1,1,0,2883
ucb1,1,0,2884
ucb1,1,0,2885
ucb1,1,0,2886
ucb1,1,0,2887
ucb1,1,0,2888
ucb1,1,0,2889
ucb1,1,0,2890
ucb1,1,0,2891
ucb1,1,0,2892
ucb1,1,0,2893
ucb1,1,0,2894
ucb1,1,0,2895
ucb1,1,0,2896
ucb1,1,0,2897
ucb1,1,0,2898
ucb1,1,0,2899
ucb1,1,0,2900
ucb1,1,0,2901
ucb1,1,0,2902
ucb1,1,0,2903
ucb1,1,0,2904
ucb1,1,0,2905
ucb1,1,0,2906
ucb1,1,0,2907
ucb1,1,0,2908
ucb1,1,0,2909
ucb1,1,0,2910
ucb1,1,0,2911
ucb1,1,0,2912
ucb1,1,0,2913
ucb1,1,0,2914
ucb1,1,0,2915
ucb1,1,0,2916
ucb1,1,0,2917
ucb1,1,0,2918
ucb1,1,0,2919
ucb1,1,0,2920
ucb1,1,0,2921
ucb1,1,0,2922
ucb1,1,0,2923
ucb1,1,0,2924
ucb1,1,0,2925
ucb1,1,0,2926
ucb1,1,0,2927
ucb1,1,0,2928
ucb1,1,0,2929
ucb1,1,0,2930
ucb1,1,0,2931
ucb1,1,0,2932
ucb1,1,0,2933
ucb1,1,0,2934
ucb1,1,0,2935
ucb1,1,0,2936
ucb1,1,0,2937
ucb1,1,0,2938
ucb1,1,0,2939
ucb1,1,0,2940
ucb1,1,0,2941
ucb1,1,0,2942
ucb1,1,0,2943
ucb1,1,0,2944
ucb1,1,0,2945
ucb1,1,0,2946
ucb1,1,0,2947
ucb1,1,0,2948
ucb1,1,0,2949
ucb1,1,0,2950
ucb1,1,0,2951
ucb1,1,0,2952
ucb1,1,0,2953
ucb1,1,0,2954
ucb1,1,0,2955
ucb1,1,0,2956
ucb1,1,0,2957
ucb1,1,0,2958
ucb1,1,0,2959
ucb1,1,0,2960
ucb1,1,0,2961
ucb1,1,0,2962
ucb1,1,0,2963
ucb1,1,0,2964
ucb1,1,0,2965
ucb1,1,0,2966
ucb1,1,0,2967
ucb1,1,0,2968
ucb1,1,0,2969
ucb1,1,0,2970
ucb1,1,0,2971
ucb1,1,0,2972
ucb1,1,0,2973
ucb1,1,0,2974
ucb1,1,0,2975
ucb1,1,0,2976
ucb1,1,0,2977
ucb1,1,0,2978
ucb1,1,0,2979
ucb1,1,0,2980
ucb1,1,0,2981
ucb1,1,0,2982
ucb1,1,0,2983
ucb1,1,0,2984
ucb1,1,0,2985
ucb1,1,0,2986
ucb1,1,0,2987
ucb1,1,0,2988
ucb1,1,0,2989
ucb1,1,0,2990
ucb1,1,0,2991
ucb1,1,0,2992
ucb1,1,0,2993
ucb1,1,0,2994
ucb1,1,0,2995
ucb1,1,0,2996
ucb1,1,0,2997
ucb1,1,0,2998
ucb1,1,0,2999
ucb1,1,0,3000
